INOCTETS,OUTOCTETS,INERRORS
,,
1785848400:,-nan,-nan
1785850200:,-nan,-nan
1785852000:,-nan,-nan
1785853800:,-nan,-nan
1785855600:,-nan,-nan
1785857400:,-nan,-nan
1785859200:,-nan,-nan
1785861000:,-nan,-nan
1785862800:,-nan,-nan
1785864600:,-nan,-nan
1785866400:,-nan,-nan
1785868200:,-nan,-nan
1785870000:,-nan,-nan
1785871800:,-nan,-nan
1785873600:,-nan,-nan
1785875400:,-nan,-nan
1785877200:,-nan,-nan
1785879000:,-nan,-nan
1785880800:,-nan,-nan
1785882600:,-nan,-nan
1785884400:,-nan,-nan
1785886200:,-nan,-nan
1785888000:,-nan,-nan
1785889800:,-nan,-nan
1785891600:,-nan,-nan
1785893400:,-nan,-nan
1785895200:,-nan,-nan
1785897000:,-nan,-nan
1785898800:,-nan,-nan
1785900600:,-nan,-nan
1785902400:,-nan,-nan
1785904200:,-nan,-nan
1785906000:,-nan,-nan
1785907800:,-nan,-nan
1785909600:,-nan,-nan
1785911400:,-nan,-nan
1785913200:,-nan,-nan
1785915000:,-nan,-nan
1785916800:,-nan,-nan
1785918600:,-nan,-nan
1785920400:,-nan,-nan
1785922200:,-nan,-nan
1785924000:,-nan,-nan
1785925800:,-nan,-nan
1785927600:,-nan,-nan
1785929400:,-nan,-nan
1785931200:,-nan,-nan
1785933000:,-nan,-nan
1785934800:,-nan,-nan
1785936600:,-nan,-nan
1785938400:,-nan,-nan
1785940200:,-nan,-nan
1785942000:,-nan,-nan
1785943800:,-nan,-nan
1785945600:,-nan,-nan
1785947400:,-nan,-nan
1785949200:,-nan,-nan
1785951000:,-nan,-nan
1785952800:,-nan,-nan
1785954600:,-nan,-nan
1785956400:,-nan,-nan
1785958200:,-nan,-nan
1785960000:,-nan,-nan
1785961800:,-nan,-nan
1785963600:,-nan,-nan
1785965400:,-nan,-nan
1785967200:,-nan,-nan
1785969000:,-nan,-nan
1785970800:,-nan,-nan
1785972600:,-nan,-nan
1785974400:,-nan,-nan
1785976200:,-nan,-nan
1785978000:,-nan,-nan
1785979800:,-nan,-nan
1785981600:,-nan,-nan
1785983400:,-nan,-nan
1785985200:,-nan,-nan
1785987000:,-nan,-nan
1785988800:,-nan,-nan
1785990600:,-nan,-nan
1785992400:,-nan,-nan
1785994200:,-nan,-nan
1785996000:,-nan,-nan
1785997800:,-nan,-nan
1785999600:,-nan,-nan
1786001400:,-nan,-nan
1786003200:,-nan,-nan
1786005000:,-nan,-nan
1786006800:,-nan,-nan
1786008600:,-nan,-nan
1786010400:,-nan,-nan
1786012200:,-nan,-nan
1786014000:,-nan,-nan
1786015800:,-nan,-nan
1786017600:,-nan,-nan
1786019400:,-nan,-nan
1786021200:,-nan,-nan
1786023000:,-nan,-nan
1786024800:,-nan,-nan
1786026600:,-nan,-nan
1786028400:,-nan,-nan
1786030200:,-nan,-nan
1786032000:,-nan,-nan
1786033800:,-nan,-nan
1786035600:,-nan,-nan
1786037400:,-nan,-nan
1786039200:,-nan,-nan
1786041000:,-nan,-nan
1786042800:,-nan,-nan
1786044600:,-nan,-nan
1786046400:,-nan,-nan
1786048200:,-nan,-nan
1786050000:,-nan,-nan
1786051800:,-nan,-nan
1786053600:,-nan,-nan
1786055400:,-nan,-nan
1786057200:,-nan,-nan
1786059000:,-nan,-nan
1786060800:,-nan,-nan
1786062600:,-nan,-nan
1786064400:,-nan,-nan
1786066200:,-nan,-nan
1786068000:,-nan,-nan
1786069800:,-nan,-nan
1786071600:,-nan,-nan
1786073400:,-nan,-nan
1786075200:,-nan,-nan
1786077000:,-nan,-nan
1786078800:,-nan,-nan
1786080600:,-nan,-nan
1786082400:,-nan,-nan
1786084200:,-nan,-nan
1786086000:,-nan,-nan
1786087800:,-nan,-nan
1786089600:,-nan,-nan
1786091400:,-nan,-nan
1786093200:,-nan,-nan
1786095000:,-nan,-nan
1786096800:,-nan,-nan
1786098600:,-nan,-nan
1786100400:,-nan,-nan
1786102200:,-nan,-nan
1786104000:,-nan,-nan
1786105800:,-nan,-nan
1786107600:,-nan,-nan
1786109400:,-nan,-nan
1786111200:,-nan,-nan
1786113000:,-nan,-nan
1786114800:,-nan,-nan
1786116600:,-nan,-nan
1786118400:,-nan,-nan
1786120200:,-nan,-nan
1786122000:,-nan,-nan
1786123800:,-nan,-nan
1786125600:,-nan,-nan
1786127400:,-nan,-nan
1786129200:,-nan,-nan
1786131000:,-nan,-nan
1786132800:,-nan,-nan
1786134600:,-nan,-nan
1786136400:,-nan,-nan
1786138200:,-nan,-nan
1786140000:,-nan,-nan
1786141800:,-nan,-nan
1786143600:,-nan,-nan
1786145400:,-nan,-nan
1786147200:,-nan,-nan
1786149000:,-nan,-nan
1786150800:,-nan,-nan
1786152600:,-nan,-nan
1786154400:,-nan,-nan
1786156200:,-nan,-nan
1786158000:,-nan,-nan
1786159800:,-nan,-nan
1786161600:,-nan,-nan
1786163400:,-nan,-nan
1786165200:,-nan,-nan
1786167000:,-nan,-nan
1786168800:,-nan,-nan
1786170600:,-nan,-nan
1786172400:,-nan,-nan
1786174200:,-nan,-nan
1786176000:,-nan,-nan
1786177800:,-nan,-nan
1786179600:,-nan,-nan
1786181400:,-nan,-nan
1786183200:,-nan,-nan
1786185000:,-nan,-nan
1786186800:,-nan,-nan
1786188600:,-nan,-nan
1786190400:,-nan,-nan
1786192200:,-nan,-nan
1786194000:,-nan,-nan
1786195800:,-nan,-nan
1786197600:,-nan,-nan
1786199400:,-nan,-nan
1786201200:,-nan,-nan
1786203000:,-nan,-nan
1786204800:,-nan,-nan
1786206600:,-nan,-nan
1786208400:,-nan,-nan
1786210200:,-nan,-nan
1786212000:,-nan,-nan
1786213800:,-nan,-nan
1786215600:,-nan,-nan
1786217400:,-nan,-nan
1786219200:,-nan,-nan
1786221000:,-nan,-nan
1786222800:,-nan,-nan
1786224600:,-nan,-nan
1786226400:,-nan,-nan
1786228200:,-nan,-nan
1786230000:,-nan,-nan
1786231800:,-nan,-nan
1786233600:,-nan,-nan
1786235400:,-nan,-nan
1786237200:,-nan,-nan
1786239000:,-nan,-nan
1786240800:,-nan,-nan
1786242600:,-nan,-nan
1786244400:,-nan,-nan
1786246200:,-nan,-nan
1786248000:,-nan,-nan
1786249800:,-nan,-nan
1786251600:,-nan,-nan
1786253400:,-nan,-nan
1786255200:,-nan,-nan
1786257000:,-nan,-nan
1786258800:,-nan,-nan
1786260600:,-nan,-nan
1786262400:,-nan,-nan
1786264200:,-nan,-nan
1786266000:,-nan,-nan
1786267800:,-nan,-nan
1786269600:,-nan,-nan
1786271400:,-nan,-nan
1786273200:,-nan,-nan
1786275000:,-nan,-nan
1786276800:,-nan,-nan
1786278600:,-nan,-nan
1786280400:,-nan,-nan
1786282200:,-nan,-nan
1786284000:,-nan,-nan
1786285800:,-nan,-nan
1786287600:,-nan,-nan
1786289400:,-nan,-nan
1786291200:,-nan,-nan
1786293000:,-nan,-nan
1786294800:,-nan,-nan
1786296600:,-nan,-nan
1786298400:,-nan,-nan
1786300200:,-nan,-nan
1786302000:,-nan,-nan
1786303800:,-nan,-nan
1786305600:,-nan,-nan
1786307400:,-nan,-nan
1786309200:,-nan,-nan
1786311000:,-nan,-nan
1786312800:,-nan,-nan
1786314600:,-nan,-nan
1786316400:,-nan,-nan
1786318200:,-nan,-nan
1786320000:,-nan,-nan
1786321800:,-nan,-nan
1786323600:,-nan,-nan
1786325400:,-nan,-nan
1786327200:,-nan,-nan
1786329000:,-nan,-nan
1786330800:,-nan,-nan
1786332600:,-nan,-nan
1786334400:,-nan,-nan
1786336200:,-nan,-nan
1786338000:,-nan,-nan
1786339800:,-nan,-nan
1786341600:,-nan,-nan
1786343400:,-nan,-nan
1786345200:,-nan,-nan
1786347000:,-nan,-nan
1786348800:,-nan,-nan
1786350600:,-nan,-nan
1786352400:,-nan,-nan
1786354200:,-nan,-nan
1786356000:,-nan,-nan
1786357800:,-nan,-nan
1786359600:,-nan,-nan
1786361400:,-nan,-nan
1786363200:,-nan,-nan
1786365000:,-nan,-nan
1786366800:,-nan,-nan
1786368600:,-nan,-nan
1786370400:,-nan,-nan
1786372200:,-nan,-nan
1786374000:,-nan,-nan
1786375800:,-nan,-nan
1786377600:,-nan,-nan
1786379400:,-nan,-nan
1786381200:,-nan,-nan
1786383000:,-nan,-nan
1786384800:,-nan,-nan
1786386600:,-nan,-nan
1786388400:,-nan,-nan
1786390200:,-nan,-nan
1786392000:,-nan,-nan
1786393800:,-nan,-nan
1786395600:,-nan,-nan
1786397400:,-nan,-nan
1786399200:,-nan,-nan
1786401000:,-nan,-nan
1786402800:,-nan,-nan
1786404600:,-nan,-nan
1786406400:,-nan,-nan
1786408200:,-nan,-nan
1786410000:,-nan,-nan
1786411800:,-nan,-nan
1786413600:,-nan,-nan
1786415400:,-nan,-nan
1786417200:,-nan,-nan
1786419000:,-nan,-nan
1786420800:,-nan,-nan
1786422600:,-nan,-nan
1786424400:,-nan,-nan
1786426200:,-nan,-nan
1786428000:,-nan,-nan
1786429800:,-nan,-nan
1786431600:,-nan,-nan
1786433400:,-nan,-nan
1786435200:,-nan,-nan
1786437000:,-nan,-nan
1786438800:,-nan,-nan
1786440600:,-nan,-nan
1786442400:,-nan,-nan
1786444200:,-nan,-nan
1786446000:,-nan,-nan
1786447800:,-nan,-nan
1786449600:,-nan,-nan
1786451400:,-nan,-nan
1786453200:,-nan,-nan
1786455000:,-nan,-nan
1786456800:,-nan,-nan
1786458600:,-nan,-nan
1786460400:,-nan,-nan
1786462200:,-nan,-nan
1786464000:,-nan,-nan
1786465800:,-nan,-nan
1786467600:,-nan,-nan
1786469400:,-nan,-nan
1786471200:,-nan,-nan
1786473000:,-nan,-nan
1786474800:,-nan,-nan
1786476600:,-nan,-nan
1786478400:,-nan,-nan
1786480200:,-nan,-nan
1786482000:,-nan,-nan
1786483800:,-nan,-nan
1786485600:,-nan,-nan
1786487400:,-nan,-nan
1786489200:,-nan,-nan
1786491000:,-nan,-nan
1786492800:,-nan,-nan
1786494600:,-nan,-nan
1786496400:,-nan,-nan
1786498200:,-nan,-nan
1786500000:,-nan,-nan
1786501800:,-nan,-nan
1786503600:,-nan,-nan
1786505400:,-nan,-nan
1786507200:,-nan,-nan
1786509000:,-nan,-nan
1786510800:,-nan,-nan
1786512600:,-nan,-nan
1786514400:,-nan,-nan
1786516200:,-nan,-nan
1786518000:,-nan,-nan
1786519800:,-nan,-nan
1786521600:,-nan,-nan
1786523400:,-nan,-nan
1786525200:,-nan,-nan
1786527000:,-nan,-nan
1786528800:,-nan,-nan
1786530600:,-nan,-nan
1786532400:,-nan,-nan
1786534200:,-nan,-nan
1786536000:,-nan,-nan
1786537800:,-nan,-nan
1786539600:,-nan,-nan
1786541400:,-nan,-nan
1786543200:,-nan,-nan
1786545000:,-nan,-nan
1786546800:,-nan,-nan
1786548600:,-nan,-nan
1786550400:,-nan,-nan
1786552200:,-nan,-nan
1786554000:,-nan,-nan
1786555800:,-nan,-nan
1786557600:,-nan,-nan
1786559400:,-nan,-nan
1786561200:,-nan,-nan
1786563000:,-nan,-nan
1786564800:,-nan,-nan
1786566600:,-nan,-nan
1786568400:,-nan,-nan
1786570200:,-nan,-nan
1786572000:,-nan,-nan
1786573800:,-nan,-nan
1786575600:,-nan,-nan
1786577400:,-nan,-nan
1786579200:,-nan,-nan
1786581000:,-nan,-nan
1786582800:,-nan,-nan
1786584600:,-nan,-nan
1786586400:,-nan,-nan
1786588200:,-nan,-nan
1786590000:,-nan,-nan
1786591800:,-nan,-nan
1786593600:,-nan,-nan
1786595400:,-nan,-nan
1786597200:,-nan,-nan
1786599000:,-nan,-nan
1786600800:,-nan,-nan
1786602600:,-nan,-nan
1786604400:,-nan,-nan
1786606200:,-nan,-nan
1786608000:,-nan,-nan
1786609800:,-nan,-nan
1786611600:,-nan,-nan
1786613400:,-nan,-nan
1786615200:,-nan,-nan
1786617000:,-nan,-nan
1786618800:,-nan,-nan
1786620600:,-nan,-nan
1786622400:,-nan,-nan
1786624200:,-nan,-nan
1786626000:,-nan,-nan
1786627800:,-nan,-nan
1786629600:,-nan,-nan
1786631400:,-nan,-nan
1786633200:,-nan,-nan
1786635000:,-nan,-nan
1786636800:,-nan,-nan
1786638600:,-nan,-nan
1786640400:,-nan,-nan
1786642200:,-nan,-nan
1786644000:,-nan,-nan
1786645800:,-nan,-nan
1786647600:,-nan,-nan
1786649400:,-nan,-nan
1786651200:,-nan,-nan
1786653000:,-nan,-nan
1786654800:,-nan,-nan
1786656600:,-nan,-nan
1786658400:,-nan,-nan
1786660200:,-nan,-nan
1786662000:,-nan,-nan
1786663800:,-nan,-nan
1786665600:,-nan,-nan
1786667400:,-nan,-nan
1786669200:,-nan,-nan
1786671000:,-nan,-nan
1786672800:,-nan,-nan
1786674600:,-nan,-nan
1786676400:,-nan,-nan
1786678200:,-nan,-nan
1786680000:,-nan,-nan
1786681800:,-nan,-nan
1786683600:,-nan,-nan
1786685400:,-nan,-nan
1786687200:,-nan,-nan
1786689000:,-nan,-nan
1786690800:,-nan,-nan
1786692600:,-nan,-nan
1786694400:,-nan,-nan
1786696200:,-nan,-nan
1786698000:,-nan,-nan
1786699800:,-nan,-nan
1786701600:,-nan,-nan
1786703400:,-nan,-nan
1786705200:,-nan,-nan
1786707000:,-nan,-nan
1786708800:,-nan,-nan
1786710600:,-nan,-nan
1786712400:,-nan,-nan
1786714200:,-nan,-nan
1786716000:,-nan,-nan
1786717800:,-nan,-nan
1786719600:,-nan,-nan
1786721400:,-nan,-nan
1786723200:,-nan,-nan
1786725000:,-nan,-nan
1786726800:,-nan,-nan
1786728600:,-nan,-nan
1786730400:,-nan,-nan
1786732200:,-nan,-nan
1786734000:,-nan,-nan
1786735800:,-nan,-nan
1786737600:,-nan,-nan
1786739400:,-nan,-nan
1786741200:,-nan,-nan
1786743000:,-nan,-nan
1786744800:,-nan,-nan
1786746600:,-nan,-nan
1786748400:,-nan,-nan
1786750200:,-nan,-nan
1786752000:,-nan,-nan
1786753800:,-nan,-nan
1786755600:,-nan,-nan
1786757400:,-nan,-nan
1786759200:,-nan,-nan
1786761000:,-nan,-nan
1786762800:,-nan,-nan
1786764600:,-nan,-nan
1786766400:,-nan,-nan
1786768200:,-nan,-nan
1786770000:,-nan,-nan
1786771800:,-nan,-nan
1786773600:,-nan,-nan
1786775400:,-nan,-nan
1786777200:,-nan,-nan
1786779000:,-nan,-nan
1786780800:,-nan,-nan
1786782600:,-nan,-nan
1786784400:,-nan,-nan
1786786200:,-nan,-nan
1786788000:,-nan,-nan
1786789800:,-nan,-nan
1786791600:,-nan,-nan
1786793400:,-nan,-nan
1786795200:,-nan,-nan
1786797000:,-nan,-nan
1786798800:,-nan,-nan
1786800600:,-nan,-nan
1786802400:,-nan,-nan
1786804200:,-nan,-nan
1786806000:,-nan,-nan
1786807800:,-nan,-nan
1786809600:,-nan,-nan
1786811400:,-nan,-nan
1786813200:,-nan,-nan
1786815000:,-nan,-nan
1786816800:,-nan,-nan
1786818600:,-nan,-nan
1786820400:,-nan,-nan
1786822200:,-nan,-nan
1786824000:,-nan,-nan
1786825800:,-nan,-nan
1786827600:,-nan,-nan
1786829400:,-nan,-nan
1786831200:,-nan,-nan
1786833000:,-nan,-nan
1786834800:,-nan,-nan
1786836600:,-nan,-nan
1786838400:,-nan,-nan
1786840200:,-nan,-nan
1786842000:,-nan,-nan
1786843800:,-nan,-nan
1786845600:,-nan,-nan
1786847400:,-nan,-nan
1786849200:,-nan,-nan
1786851000:,-nan,-nan
1786852800:,-nan,-nan
1786854600:,-nan,-nan
1786856400:,-nan,-nan
1786858200:,-nan,-nan
1786860000:,-nan,-nan
1786861800:,-nan,-nan
1786863600:,-nan,-nan
1786865400:,-nan,-nan
1786867200:,-nan,-nan
1786869000:,-nan,-nan
1786870800:,-nan,-nan
1786872600:,-nan,-nan
1786874400:,-nan,-nan
1786876200:,-nan,-nan
1786878000:,-nan,-nan
1786879800:,-nan,-nan
1786881600:,-nan,-nan
1786883400:,-nan,-nan
1786885200:,-nan,-nan
1786887000:,-nan,-nan
1786888800:,-nan,-nan
1786890600:,-nan,-nan
1786892400:,-nan,-nan
1786894200:,-nan,-nan
1786896000:,-nan,-nan
1786897800:,-nan,-nan
1786899600:,-nan,-nan
1786901400:,-nan,-nan
1786903200:,-nan,-nan
1786905000:,-nan,-nan
1786906800:,-nan,-nan
1786908600:,-nan,-nan
1786910400:,-nan,-nan
1786912200:,-nan,-nan
1786914000:,-nan,-nan
1786915800:,-nan,-nan
1786917600:,-nan,-nan
1786919400:,-nan,-nan
1786921200:,-nan,-nan
1786923000:,-nan,-nan
1786924800:,-nan,-nan
1786926600:,-nan,-nan
1786928400:,-nan,-nan
1786930200:,-nan,-nan
1786932000:,-nan,-nan
1786933800:,-nan,-nan
1786935600:,-nan,-nan
1786937400:,-nan,-nan
1786939200:,-nan,-nan
1786941000:,-nan,-nan
1786942800:,-nan,-nan
1786944600:,-nan,-nan
1786946400:,-nan,-nan
1786948200:,-nan,-nan
1786950000:,-nan,-nan
1786951800:,-nan,-nan
1786953600:,-nan,-nan
1786955400:,-nan,-nan
1786957200:,-nan,-nan
1786959000:,-nan,-nan
1786960800:,-nan,-nan
1786962600:,-nan,-nan
1786964400:,-nan,-nan
1786966200:,-nan,-nan
1786968000:,-nan,-nan
1786969800:,-nan,-nan
1786971600:,-nan,-nan
1786973400:,-nan,-nan
1786975200:,-nan,-nan
1786977000:,-nan,-nan
1786978800:,-nan,-nan
1786980600:,-nan,-nan
1786982400:,-nan,-nan
1786984200:,-nan,-nan
1786986000:,-nan,-nan
1786987800:,-nan,-nan
1786989600:,-nan,-nan
1786991400:,-nan,-nan
1786993200:,-nan,-nan
1786995000:,-nan,-nan
1786996800:,-nan,-nan
1786998600:,-nan,-nan
1787000400:,-nan,-nan
1787002200:,-nan,-nan
1787004000:,-nan,-nan
1787005800:,-nan,-nan
1787007600:,-nan,-nan
1787009400:,-nan,-nan
1787011200:,-nan,-nan
1787013000:,-nan,-nan
1787014800:,-nan,-nan
1787016600:,-nan,-nan
1787018400:,-nan,-nan
1787020200:,-nan,-nan
1787022000:,-nan,-nan
1787023800:,-nan,-nan
1787025600:,-nan,-nan
1787027400:,-nan,-nan
1787029200:,-nan,-nan
1787031000:,-nan,-nan
1787032800:,-nan,-nan
1787034600:,-nan,-nan
1787036400:,-nan,-nan
1787038200:,-nan,-nan
1787040000:,-nan,-nan
1787041800:,-nan,-nan
1787043600:,-nan,-nan
1787045400:,-nan,-nan
1787047200:,-nan,-nan
1787049000:,-nan,-nan
1787050800:,-nan,-nan
1787052600:,-nan,-nan
1787054400:,-nan,-nan
1787056200:,-nan,-nan
1787058000:,-nan,-nan
1787059800:,-nan,-nan
1787061600:,-nan,-nan
1787063400:,-nan,-nan
1787065200:,-nan,-nan
1787067000:,-nan,-nan
1787068800:,-nan,-nan
1787070600:,-nan,-nan
1787072400:,-nan,-nan
1787074200:,-nan,-nan
1787076000:,-nan,-nan
1787077800:,-nan,-nan
1787079600:,-nan,-nan
1787081400:,-nan,-nan
1787083200:,-nan,-nan
1787085000:,-nan,-nan
1787086800:,-nan,-nan
1787088600:,-nan,-nan
1787090400:,-nan,-nan
1787092200:,-nan,-nan
1787094000:,-nan,-nan
1787095800:,-nan,-nan
1787097600:,-nan,-nan
1787099400:,-nan,-nan
1787101200:,-nan,-nan
1787103000:,-nan,-nan
1787104800:,-nan,-nan
1787106600:,-nan,-nan
1787108400:,-nan,-nan
1787110200:,-nan,-nan
1787112000:,-nan,-nan
1787113800:,-nan,-nan
1787115600:,-nan,-nan
1787117400:,-nan,-nan
1787119200:,-nan,-nan
1787121000:,-nan,-nan
1787122800:,-nan,-nan
1787124600:,-nan,-nan
1787126400:,-nan,-nan
1787128200:,-nan,-nan
1787130000:,-nan,-nan
1787131800:,-nan,-nan
1787133600:,-nan,-nan
1787135400:,-nan,-nan
1787137200:,-nan,-nan
1787139000:,-nan,-nan
1787140800:,-nan,-nan
1787142600:,-nan,-nan
1787144400:,-nan,-nan
1787146200:,-nan,-nan
1787148000:,-nan,-nan
1787149800:,-nan,-nan
1787151600:,-nan,-nan
1787153400:,-nan,-nan
1787155200:,-nan,-nan
1787157000:,-nan,-nan
1787158800:,-nan,-nan
1787160600:,-nan,-nan
1787162400:,-nan,-nan
1787164200:,-nan,-nan
1787166000:,-nan,-nan
1787167800:,-nan,-nan
1787169600:,-nan,-nan
1787171400:,-nan,-nan
1787173200:,-nan,-nan
1787175000:,-nan,-nan
1787176800:,-nan,-nan
1787178600:,-nan,-nan
1787180400:,-nan,-nan
1787182200:,-nan,-nan
1787184000:,-nan,-nan
1787185800:,-nan,-nan
1787187600:,-nan,-nan
1787189400:,-nan,-nan
1787191200:,-nan,-nan
1787193000:,-nan,-nan
1787194800:,-nan,-nan
1787196600:,-nan,-nan
1787198400:,-nan,-nan
1787200200:,-nan,-nan
1787202000:,-nan,-nan
1787203800:,-nan,-nan
1787205600:,-nan,-nan
1787207400:,-nan,-nan
1787209200:,-nan,-nan
1787211000:,-nan,-nan
1787212800:,-nan,-nan
1787214600:,-nan,-nan
1787216400:,-nan,-nan
1787218200:,-nan,-nan
1787220000:,-nan,-nan
1787221800:,-nan,-nan
1787223600:,-nan,-nan
1787225400:,-nan,-nan
1787227200:,-nan,-nan
1787229000:,-nan,-nan
1787230800:,-nan,-nan
1787232600:,-nan,-nan
1787234400:,-nan,-nan
1787236200:,-nan,-nan
1787238000:,-nan,-nan
1787239800:,-nan,-nan
1787241600:,-nan,-nan
1787243400:,-nan,-nan
1787245200:,-nan,-nan
1787247000:,-nan,-nan
1787248800:,-nan,-nan
1787250600:,-nan,-nan
1787252400:,-nan,-nan
1787254200:,-nan,-nan
1787256000:,-nan,-nan
1787257800:,-nan,-nan
1787259600:,-nan,-nan
1787261400:,-nan,-nan
1787263200:,-nan,-nan
1787265000:,-nan,-nan
1787266800:,-nan,-nan
1787268600:,-nan,-nan
1787270400:,-nan,-nan
1787272200:,-nan,-nan
1787274000:,-nan,-nan
1787275800:,-nan,-nan
1787277600:,-nan,-nan
1787279400:,-nan,-nan
1787281200:,-nan,-nan
1787283000:,-nan,-nan
1787284800:,-nan,-nan
1787286600:,-nan,-nan
1787288400:,-nan,-nan
1787290200:,-nan,-nan
1787292000:,-nan,-nan
1787293800:,-nan,-nan
1787295600:,-nan,-nan
1787297400:,-nan,-nan
1787299200:,-nan,-nan
1787301000:,-nan,-nan
1787302800:,-nan,-nan
1787304600:,-nan,-nan
1787306400:,-nan,-nan
1787308200:,-nan,-nan
1787310000:,-nan,-nan
1787311800:,-nan,-nan
1787313600:,-nan,-nan
1787315400:,-nan,-nan
1787317200:,-nan,-nan
1787319000:,-nan,-nan
1787320800:,-nan,-nan
1787322600:,-nan,-nan
1787324400:,-nan,-nan
1787326200:,-nan,-nan
1787328000:,-nan,-nan
1787329800:,-nan,-nan
1787331600:,-nan,-nan
1787333400:,-nan,-nan
1787335200:,-nan,-nan
1787337000:,-nan,-nan
1787338800:,-nan,-nan
1787340600:,-nan,-nan
1787342400:,-nan,-nan
1787344200:,-nan,-nan
1787346000:,-nan,-nan
1787347800:,-nan,-nan
1787349600:,-nan,-nan
1787351400:,-nan,-nan
1787353200:,-nan,-nan
1787355000:,-nan,-nan
1787356800:,-nan,-nan
1787358600:,-nan,-nan
1787360400:,-nan,-nan
1787362200:,-nan,-nan
1787364000:,-nan,-nan
1787365800:,-nan,-nan
1787367600:,-nan,-nan
1787369400:,-nan,-nan
1787371200:,-nan,-nan
1787373000:,-nan,-nan
1787374800:,-nan,-nan
1787376600:,-nan,-nan
1787378400:,-nan,-nan
1787380200:,-nan,-nan
1787382000:,-nan,-nan
1787383800:,-nan,-nan
1787385600:,-nan,-nan
1787387400:,-nan,-nan
1787389200:,-nan,-nan
1787391000:,-nan,-nan
1787392800:,-nan,-nan
1787394600:,-nan,-nan
1787396400:,-nan,-nan
1787398200:,-nan,-nan
1787400000:,-nan,-nan
1787401800:,-nan,-nan
1787403600:,-nan,-nan
1787405400:,-nan,-nan
1787407200:,-nan,-nan
1787409000:,-nan,-nan
1787410800:,-nan,-nan
1787412600:,-nan,-nan
1787414400:,-nan,-nan
1787416200:,-nan,-nan
1787418000:,-nan,-nan
1787419800:,-nan,-nan
1787421600:,-nan,-nan
1787423400:,-nan,-nan
1787425200:,-nan,-nan
1787427000:,-nan,-nan
1787428800:,-nan,-nan
1787430600:,-nan,-nan
1787432400:,-nan,-nan
1787434200:,-nan,-nan
1787436000:,-nan,-nan
1787437800:,-nan,-nan
1787439600:,-nan,-nan
1787441400:,-nan,-nan
1787443200:,-nan,-nan
1787445000:,-nan,-nan
1787446800:,-nan,-nan
1787448600:,-nan,-nan
1787450400:,-nan,-nan
1787452200:,-nan,-nan
1787454000:,-nan,-nan
1787455800:,-nan,-nan
1787457600:,-nan,-nan
1787459400:,-nan,-nan
1787461200:,-nan,-nan
1787463000:,-nan,-nan
1787464800:,-nan,-nan
1787466600:,-nan,-nan
1787468400:,-nan,-nan
1787470200:,-nan,-nan
1787472000:,-nan,-nan
1787473800:,-nan,-nan
1787475600:,-nan,-nan
1787477400:,-nan,-nan
1787479200:,-nan,-nan
1787481000:,-nan,-nan
1787482800:,-nan,-nan
1787484600:,-nan,-nan
1787486400:,-nan,-nan
1787488200:,-nan,-nan
1787490000:,-nan,-nan
1787491800:,-nan,-nan
1787493600:,-nan,-nan
1787495400:,-nan,-nan
1787497200:,-nan,-nan
1787499000:,-nan,-nan
1787500800:,-nan,-nan
1787502600:,-nan,-nan
1787504400:,-nan,-nan
1787506200:,-nan,-nan
1787508000:,-nan,-nan
1787509800:,-nan,-nan
1787511600:,-nan,-nan
1787513400:,-nan,-nan
1787515200:,-nan,-nan
1787517000:,-nan,-nan
1787518800:,-nan,-nan
1787520600:,-nan,-nan
1787522400:,-nan,-nan
1787524200:,-nan,-nan
1787526000:,-nan,-nan
1787527800:,-nan,-nan
1787529600:,-nan,-nan
1787531400:,-nan,-nan
1787533200:,-nan,-nan
1787535000:,-nan,-nan
1787536800:,-nan,-nan
1787538600:,-nan,-nan
1787540400:,-nan,-nan
1787542200:,-nan,-nan
1787544000:,-nan,-nan
1787545800:,-nan,-nan
1787547600:,-nan,-nan
1787549400:,-nan,-nan
1787551200:,-nan,-nan
1787553000:,-nan,-nan
1787554800:,-nan,-nan
1787556600:,-nan,-nan
1787558400:,-nan,-nan
1787560200:,-nan,-nan
1787562000:,-nan,-nan
1787563800:,-nan,-nan
1787565600:,-nan,-nan
1787567400:,-nan,-nan
1787569200:,-nan,-nan
1787571000:,-nan,-nan
1787572800:,-nan,-nan
1787574600:,-nan,-nan
1787576400:,-nan,-nan
1787578200:,-nan,-nan
1787580000:,-nan,-nan
1787581800:,-nan,-nan
1787583600:,-nan,-nan
1787585400:,-nan,-nan
1787587200:,-nan,-nan
1787589000:,-nan,-nan
1787590800:,-nan,-nan
1787592600:,-nan,-nan
1787594400:,-nan,-nan
1787596200:,-nan,-nan
1787598000:,-nan,-nan
1787599800:,-nan,-nan
1787601600:,-nan,-nan
1787603400:,-nan,-nan
1787605200:,-nan,-nan
1787607000:,-nan,-nan
1787608800:,-nan,-nan
1787610600:,-nan,-nan
1787612400:,-nan,-nan
1787614200:,-nan,-nan
1787616000:,-nan,-nan
1787617800:,-nan,-nan
1787619600:,-nan,-nan
1787621400:,-nan,-nan
1787623200:,-nan,-nan
1787625000:,-nan,-nan
1787626800:,-nan,-nan
1787628600:,-nan,-nan
1787630400:,-nan,-nan
1787632200:,-nan,-nan
1787634000:,-nan,-nan
1787635800:,-nan,-nan
1787637600:,-nan,-nan
1787639400:,-nan,-nan
1787641200:,-nan,-nan
1787643000:,-nan,-nan
1787644800:,-nan,-nan
1787646600:,-nan,-nan
1787648400:,-nan,-nan
1787650200:,-nan,-nan
1787652000:,-nan,-nan
1787653800:,-nan,-nan
1787655600:,-nan,-nan
1787657400:,-nan,-nan
1787659200:,-nan,-nan
1787661000:,-nan,-nan
1787662800:,-nan,-nan
1787664600:,-nan,-nan
1787666400:,-nan,-nan
1787668200:,-nan,-nan
1787670000:,-nan,-nan
1787671800:,-nan,-nan
1787673600:,-nan,-nan
1787675400:,-nan,-nan
1787677200:,-nan,-nan
1787679000:,-nan,-nan
1787680800:,-nan,-nan
1787682600:,-nan,-nan
1787684400:,-nan,-nan
1787686200:,-nan,-nan
1787688000:,-nan,-nan
1787689800:,-nan,-nan
1787691600:,-nan,-nan
1787693400:,-nan,-nan
1787695200:,-nan,-nan
1787697000:,-nan,-nan
1787698800:,-nan,-nan
1787700600:,-nan,-nan
1787702400:,-nan,-nan
1787704200:,-nan,-nan
1787706000:,-nan,-nan
1787707800:,-nan,-nan
1787709600:,-nan,-nan
1787711400:,-nan,-nan
1787713200:,-nan,-nan
1787715000:,-nan,-nan
1787716800:,-nan,-nan
1787718600:,-nan,-nan
1787720400:,-nan,-nan
1787722200:,-nan,-nan
1787724000:,-nan,-nan
1787725800:,-nan,-nan
1787727600:,-nan,-nan
1787729400:,-nan,-nan
1787731200:,-nan,-nan
1787733000:,-nan,-nan
1787734800:,-nan,-nan
1787736600:,-nan,-nan
1787738400:,-nan,-nan
1787740200:,-nan,-nan
1787742000:,-nan,-nan
1787743800:,-nan,-nan
1787745600:,-nan,-nan
1787747400:,-nan,-nan
1787749200:,-nan,-nan
1787751000:,-nan,-nan
1787752800:,-nan,-nan
1787754600:,-nan,-nan
1787756400:,-nan,-nan
1787758200:,-nan,-nan
1787760000:,-nan,-nan
1787761800:,-nan,-nan
1787763600:,-nan,-nan
1787765400:,-nan,-nan
1787767200:,-nan,-nan
1787769000:,-nan,-nan
1787770800:,-nan,-nan
1787772600:,-nan,-nan
1787774400:,-nan,-nan
1787776200:,-nan,-nan
1787778000:,-nan,-nan
1787779800:,-nan,-nan
1787781600:,-nan,-nan
1787783400:,-nan,-nan
1787785200:,-nan,-nan
1787787000:,-nan,-nan
1787788800:,-nan,-nan
1787790600:,-nan,-nan
1787792400:,-nan,-nan
1787794200:,-nan,-nan
1787796000:,-nan,-nan
1787797800:,-nan,-nan
1787799600:,-nan,-nan
1787801400:,-nan,-nan
1787803200:,-nan,-nan
1787805000:,-nan,-nan
1787806800:,-nan,-nan
1787808600:,-nan,-nan
1787810400:,-nan,-nan
1787812200:,-nan,-nan
1787814000:,-nan,-nan
1787815800:,-nan,-nan
1787817600:,-nan,-nan
1787819400:,-nan,-nan
1787821200:,-nan,-nan
1787823000:,-nan,-nan
1787824800:,-nan,-nan
1787826600:,-nan,-nan
1787828400:,-nan,-nan
1787830200:,-nan,-nan
1787832000:,-nan,-nan
1787833800:,-nan,-nan
1787835600:,-nan,-nan
1787837400:,-nan,-nan
1787839200:,-nan,-nan
1787841000:,-nan,-nan
1787842800:,-nan,-nan
1787844600:,-nan,-nan
1787846400:,-nan,-nan
1787848200:,-nan,-nan
1787850000:,-nan,-nan
1787851800:,-nan,-nan
1787853600:,-nan,-nan
1787855400:,-nan,-nan
1787857200:,-nan,-nan
1787859000:,-nan,-nan
1787860800:,-nan,-nan
1787862600:,-nan,-nan
1787864400:,-nan,-nan
1787866200:,-nan,-nan
1787868000:,-nan,-nan
1787869800:,-nan,-nan
1787871600:,-nan,-nan
1787873400:,-nan,-nan
1787875200:,-nan,-nan
1787877000:,-nan,-nan
1787878800:,-nan,-nan
1787880600:,-nan,-nan
1787882400:,-nan,-nan
1787884200:,-nan,-nan
1787886000:,-nan,-nan
1787887800:,-nan,-nan
1787889600:,-nan,-nan
1787891400:,-nan,-nan
1787893200:,-nan,-nan
1787895000:,-nan,-nan
1787896800:,-nan,-nan
1787898600:,-nan,-nan
1787900400:,-nan,-nan
1787902200:,-nan,-nan
1787904000:,-nan,-nan
1787905800:,-nan,-nan
1787907600:,-nan,-nan
1787909400:,-nan,-nan
1787911200:,-nan,-nan
1787913000:,-nan,-nan
1787914800:,-nan,-nan
1787916600:,-nan,-nan
1787918400:,-nan,-nan
1787920200:,-nan,-nan
1787922000:,-nan,-nan
1787923800:,-nan,-nan
1787925600:,-nan,-nan
1787927400:,-nan,-nan
1787929200:,-nan,-nan
1787931000:,-nan,-nan
1787932800:,-nan,-nan
1787934600:,-nan,-nan
1787936400:,-nan,-nan
1787938200:,-nan,-nan
1787940000:,-nan,-nan
1787941800:,-nan,-nan
1787943600:,-nan,-nan
1787945400:,-nan,-nan
1787947200:,-nan,-nan
1787949000:,-nan,-nan
1787950800:,-nan,-nan
1787952600:,-nan,-nan
1787954400:,-nan,-nan
1787956200:,-nan,-nan
1787958000:,-nan,-nan
1787959800:,-nan,-nan
1787961600:,-nan,-nan
1787963400:,-nan,-nan
1787965200:,-nan,-nan
1787967000:,-nan,-nan
1787968800:,-nan,-nan
1787970600:,-nan,-nan
1787972400:,-nan,-nan
1787974200:,-nan,-nan
1787976000:,-nan,-nan
1787977800:,-nan,-nan
1787979600:,-nan,-nan
1787981400:,-nan,-nan
1787983200:,-nan,-nan
1787985000:,-nan,-nan
1787986800:,-nan,-nan
1787988600:,-nan,-nan
1787990400:,-nan,-nan
1787992200:,-nan,-nan
1787994000:,-nan,-nan
1787995800:,-nan,-nan
1787997600:,-nan,-nan
1787999400:,-nan,-nan
1788001200:,-nan,-nan
1788003000:,-nan,-nan
1788004800:,-nan,-nan
1788006600:,-nan,-nan
1788008400:,-nan,-nan
1788010200:,-nan,-nan
1788012000:,-nan,-nan
1788013800:,-nan,-nan
1788015600:,-nan,-nan
1788017400:,-nan,-nan
1788019200:,-nan,-nan
1788021000:,-nan,-nan
1788022800:,-nan,-nan
1788024600:,-nan,-nan
1788026400:,-nan,-nan
1788028200:,-nan,-nan
1788030000:,-nan,-nan
1788031800:,-nan,-nan
1788033600:,-nan,-nan
1788035400:,-nan,-nan
1788037200:,-nan,-nan
1788039000:,-nan,-nan
1788040800:,-nan,-nan
1788042600:,-nan,-nan
1788044400:,-nan,-nan
1788046200:,-nan,-nan
1788048000:,-nan,-nan
1788049800:,-nan,-nan
1788051600:,-nan,-nan
1788053400:,-nan,-nan
1788055200:,-nan,-nan
1788057000:,-nan,-nan
1788058800:,-nan,-nan
1788060600:,-nan,-nan
1788062400:,-nan,-nan
1788064200:,-nan,-nan
1788066000:,-nan,-nan
1788067800:,-nan,-nan
1788069600:,-nan,-nan
1788071400:,-nan,-nan
1788073200:,-nan,-nan
1788075000:,-nan,-nan
1788076800:,-nan,-nan
1788078600:,-nan,-nan
1788080400:,-nan,-nan
1788082200:,-nan,-nan
1788084000:,-nan,-nan
1788085800:,-nan,-nan
1788087600:,-nan,-nan
1788089400:,-nan,-nan
1788091200:,-nan,-nan
1788093000:,-nan,-nan
1788094800:,-nan,-nan
1788096600:,-nan,-nan
1788098400:,-nan,-nan
1788100200:,-nan,-nan
1788102000:,-nan,-nan
1788103800:,-nan,-nan
1788105600:,-nan,-nan
1788107400:,-nan,-nan
1788109200:,-nan,-nan
1788111000:,-nan,-nan
1788112800:,-nan,-nan
1788114600:,-nan,-nan
1788116400:,-nan,-nan
1788118200:,-nan,-nan
1788120000:,-nan,-nan
1788121800:,-nan,-nan
1788123600:,-nan,-nan
1788125400:,-nan,-nan
1788127200:,-nan,-nan
1788129000:,-nan,-nan
1788130800:,-nan,-nan
1788132600:,-nan,-nan
1788134400:,-nan,-nan
1788136200:,-nan,-nan
1788138000:,-nan,-nan
1788139800:,-nan,-nan
1788141600:,-nan,-nan
1788143400:,-nan,-nan
1788145200:,-nan,-nan
1788147000:,-nan,-nan
1788148800:,-nan,-nan
1788150600:,-nan,-nan
1788152400:,-nan,-nan
1788154200:,-nan,-nan
1788156000:,-nan,-nan
1788157800:,-nan,-nan
1788159600:,-nan,-nan
1788161400:,-nan,-nan
1788163200:,-nan,-nan
1788165000:,-nan,-nan
1788166800:,-nan,-nan
1788168600:,-nan,-nan
1788170400:,-nan,-nan
1788172200:,-nan,-nan
1788174000:,-nan,-nan
1788175800:,-nan,-nan
1788177600:,-nan,-nan
1788179400:,-nan,-nan
1788181200:,-nan,-nan
1788183000:,-nan,-nan
1788184800:,-nan,-nan
1788186600:,-nan,-nan
1788188400:,-nan,-nan
1788190200:,-nan,-nan
1788192000:,-nan,-nan
1788193800:,-nan,-nan
1788195600:,-nan,-nan
1788197400:,-nan,-nan
1788199200:,-nan,-nan
1788201000:,-nan,-nan
1788202800:,-nan,-nan
1788204600:,-nan,-nan
1788206400:,-nan,-nan
1788208200:,-nan,-nan
1788210000:,-nan,-nan
1788211800:,-nan,-nan
1788213600:,-nan,-nan
1788215400:,-nan,-nan
1788217200:,-nan,-nan
1788219000:,-nan,-nan
1788220800:,-nan,-nan
1788222600:,-nan,-nan
1788224400:,-nan,-nan
1788226200:,-nan,-nan
1788228000:,-nan,-nan
1788229800:,-nan,-nan
1788231600:,-nan,-nan
1788233400:,-nan,-nan
1788235200:,-nan,-nan
1788237000:,-nan,-nan
1788238800:,-nan,-nan
1788240600:,-nan,-nan
1788242400:,-nan,-nan
1788244200:,-nan,-nan
1788246000:,-nan,-nan
1788247800:,-nan,-nan
1788249600:,-nan,-nan
1788251400:,-nan,-nan
1788253200:,-nan,-nan
1788255000:,-nan,-nan
1788256800:,-nan,-nan
1788258600:,-nan,-nan
1788260400:,-nan,-nan
1788262200:,-nan,-nan
1788264000:,-nan,-nan
1788265800:,-nan,-nan
1788267600:,-nan,-nan
1788269400:,-nan,-nan
1788271200:,-nan,-nan
1788273000:,-nan,-nan
1788274800:,-nan,-nan
1788276600:,-nan,-nan
1788278400:,-nan,-nan
1788280200:,-nan,-nan
1788282000:,-nan,-nan
1788283800:,-nan,-nan
1788285600:,-nan,-nan
1788287400:,-nan,-nan
1788289200:,-nan,-nan
1788291000:,-nan,-nan
1788292800:,-nan,-nan
1788294600:,-nan,-nan
1788296400:,-nan,-nan
1788298200:,-nan,-nan
1788300000:,-nan,-nan
1788301800:,-nan,-nan
1788303600:,-nan,-nan
1788305400:,-nan,-nan
1788307200:,-nan,-nan
1788309000:,-nan,-nan
1788310800:,-nan,-nan
1788312600:,-nan,-nan
1788314400:,-nan,-nan
1788316200:,-nan,-nan
1788318000:,-nan,-nan
1788319800:,-nan,-nan
1788321600:,-nan,-nan
1788323400:,-nan,-nan
1788325200:,-nan,-nan
1788327000:,-nan,-nan
1788328800:,-nan,-nan
1788330600:,-nan,-nan
1788332400:,-nan,-nan
1788334200:,-nan,-nan
1788336000:,-nan,-nan
1788337800:,-nan,-nan
1788339600:,-nan,-nan
1788341400:,-nan,-nan
1788343200:,-nan,-nan
1788345000:,-nan,-nan
1788346800:,-nan,-nan
1788348600:,-nan,-nan
1788350400:,-nan,-nan
1788352200:,-nan,-nan
1788354000:,-nan,-nan
1788355800:,-nan,-nan
1788357600:,-nan,-nan
1788359400:,-nan,-nan
1788361200:,-nan,-nan
1788363000:,-nan,-nan
1788364800:,-nan,-nan
1788366600:,-nan,-nan
1788368400:,-nan,-nan
1788370200:,-nan,-nan
1788372000:,-nan,-nan
1788373800:,-nan,-nan
1788375600:,-nan,-nan
1788377400:,-nan,-nan
1788379200:,-nan,-nan
1788381000:,-nan,-nan
1788382800:,-nan,-nan
1788384600:,-nan,-nan
1788386400:,-nan,-nan
1788388200:,-nan,-nan
1788390000:,-nan,-nan
1788391800:,-nan,-nan
1788393600:,-nan,-nan
1788395400:,-nan,-nan
1788397200:,-nan,-nan
1788399000:,-nan,-nan
1788400800:,-nan,-nan
1788402600:,-nan,-nan
1788404400:,-nan,-nan
1788406200:,-nan,-nan
1788408000:,-nan,-nan
1788409800:,-nan,-nan
1788411600:,-nan,-nan
1788413400:,-nan,-nan
1788415200:,-nan,-nan
1788417000:,-nan,-nan
1788418800:,-nan,-nan
1788420600:,-nan,-nan
1788422400:,-nan,-nan
1788424200:,-nan,-nan
1788426000:,-nan,-nan
1788427800:,-nan,-nan
1788429600:,-nan,-nan
1788431400:,-nan,-nan
1788433200:,-nan,-nan
1788435000:,-nan,-nan
1788436800:,-nan,-nan
1788438600:,-nan,-nan
1788440400:,-nan,-nan
